"from"	"to"
"P0562"	"P0061"
"P0562"	"P0080"
"P0562"	"P0147"
"P0562"	"P0218"
"P0562"	"P0470"
"P0562"	"P0498"
"P0562"	"P0663"
"P0562"	"P1152"
"P0562"	"P1346"
"P0562"	"P1658"
"P0562"	"P1701"
"P0032"	"P1358"
"P0033"	"P0434"
"P0033"	"P0700"
"P0033"	"P0757"
"P0033"	"P0935"
"P0033"	"P1045"
"P0033"	"P1073"
"P0033"	"P1333"
"P0033"	"P1449"
"P0033"	"P1752"
"P0041"	"P0276"
"P0041"	"P0841"
"P0041"	"P1005"
"P0041"	"P1098"
"P0041"	"P1295"
"P0041"	"P1444"
"P0041"	"P1553"
"P0041"	"P1563"
"P0041"	"P1575"
"P0041"	"P1721"
"P0041"	"P1784"
"P0041"	"P1791"
"P0048"	"P1404"
"P0057"	"P1374"
"P0060"	"P1404"
"P0091"	"P1374"
"P0093"	"P0748"
"P0106"	"P0371"
"P0106"	"P0512"
"P0106"	"P0808"
"P0106"	"P1062"
"P0106"	"P1474"
"P0106"	"P1599"
"P0106"	"P1732"
"P0106"	"P1796"
"P0110"	"P0364"
"P0110"	"P0496"
"P0110"	"P0881"
"P0110"	"P0893"
"P0110"	"P0900"
"P0110"	"P1435"
"P0115"	"P1618"
"P0116"	"P0046"
"P0116"	"P0067"
"P0116"	"P0353"
"P0116"	"P0383"
"P0116"	"P0821"
"P0116"	"P0832"
"P0116"	"P1239"
"P0116"	"P1425"
"P0116"	"P1720"
"P0116"	"P1796"
"P0123"	"P0870"
"P0142"	"P0055"
"P0142"	"P1579"
"P0161"	"P1389"
"P0183"	"P1575"
"P0183"	"P1796"
"P0195"	"P0627"
"P0197"	"P1374"
"P0204"	"P0142"
"P0206"	"P1498"
"P0214"	"P0270"
"P0214"	"P0808"
"P0214"	"P1575"
"P0226"	"P0041"
"P0226"	"P0267"
"P0226"	"P0504"
"P0226"	"P0755"
"P0226"	"P1444"
"P0226"	"P1563"
"P0226"	"P1575"
"P0226"	"P1644"
"P0226"	"P1738"
"P0226"	"P1776"
"P0245"	"P0020"
"P0251"	"P0178"
"P0251"	"P1563"
"P0252"	"P0901"
"P0259"	"P1404"
"P0259"	"P0883"
"P0267"	"P0015"
"P0267"	"P0041"
"P0267"	"P0072"
"P0267"	"P0165"
"P0267"	"P0184"
"P0267"	"P0224"
"P0267"	"P0238"
"P0267"	"P0240"
"P0267"	"P0420"
"P0267"	"P0433"
"P0267"	"P0489"
"P0267"	"P0504"
"P0267"	"P0554"
"P0267"	"P0603"
"P0267"	"P0679"
"P0267"	"P0711"
"P0267"	"P0720"
"P0267"	"P0723"
"P0267"	"P0794"
"P0267"	"P0797"
"P0267"	"P0971"
"P0267"	"P1019"
"P0267"	"P1069"
"P0267"	"P1071"
"P0267"	"P1098"
"P0267"	"P1205"
"P0267"	"P1225"
"P0267"	"P1226"
"P0267"	"P1233"
"P0267"	"P1286"
"P0267"	"P1295"
"P0267"	"P1442"
"P0267"	"P1444"
"P0267"	"P1491"
"P0267"	"P1563"
"P0267"	"P1575"
"P0267"	"P1583"
"P0267"	"P1644"
"P0267"	"P1679"
"P0267"	"P1721"
"P0267"	"P1865"
"P0290"	"P0050"
"P0290"	"P0311"
"P0290"	"P0371"
"P0290"	"P1062"
"P0290"	"P1414"
"P0290"	"P1720"
"P0290"	"P1856"
"P0315"	"P0142"
"P0346"	"P0167"
"P0346"	"P0263"
"P0346"	"P0297"
"P0346"	"P0446"
"P0346"	"P0736"
"P0346"	"P0898"
"P0346"	"P1231"
"P0346"	"P1322"
"P0346"	"P1449"
"P0346"	"P1641"
"P0346"	"P1708"
"P0346"	"P1715"
"P0346"	"P1779"
"P0346"	"P1791"
"P0346"	"P1859"
"P0353"	"P0067"
"P0353"	"P0118"
"P0353"	"P0184"
"P0353"	"P0255"
"P0353"	"P0273"
"P0353"	"P0383"
"P0353"	"P0479"
"P0353"	"P0507"
"P0353"	"P0518"
"P0353"	"P0540"
"P0353"	"P0685"
"P0353"	"P0797"
"P0353"	"P0821"
"P0353"	"P0911"
"P0353"	"P0935"
"P0353"	"P1045"
"P0353"	"P1239"
"P0353"	"P1357"
"P0353"	"P1449"
"P0353"	"P1461"
"P0353"	"P1628"
"P0353"	"P1796"
"P0353"	"P1835"
"P0364"	"P0052"
"P0364"	"P0059"
"P0364"	"P0124"
"P0364"	"P0129"
"P0364"	"P0246"
"P0364"	"P0298"
"P0364"	"P0380"
"P0364"	"P0386"
"P0364"	"P0417"
"P0364"	"P0492"
"P0364"	"P0496"
"P0364"	"P0539"
"P0364"	"P0570"
"P0364"	"P0774"
"P0364"	"P0924"
"P0364"	"P0993"
"P0364"	"P1038"
"P0364"	"P1065"
"P0364"	"P1102"
"P0364"	"P1118"
"P0364"	"P1185"
"P0364"	"P1198"
"P0364"	"P1201"
"P0364"	"P1245"
"P0364"	"P1432"
"P0364"	"P1522"
"P0364"	"P1550"
"P0364"	"P1684"
"P0364"	"P1770"
"P0364"	"P1820"
"P0364"	"P1845"
"P0393"	"P1695"
"P0399"	"P1796"
"P0404"	"P1374"
"P0414"	"P2119"
"P0415"	"P0102"
"P0415"	"P0311"
"P0415"	"P0329"
"P0415"	"P0540"
"P0415"	"P0925"
"P0415"	"P1084"
"P0415"	"P1487"
"P0415"	"P1677"
"P0415"	"P1796"
"P0420"	"P0072"
"P0420"	"P0267"
"P0420"	"P1444"
"P0425"	"P0364"
"P0425"	"P0809"
"P0425"	"P0893"
"P0425"	"P0900"
"P0425"	"P1510"
"P0425"	"P1815"
"P0428"	"P0283"
"P0428"	"P0566"
"P0428"	"P0874"
"P0428"	"P0916"
"P0428"	"P1535"
"P0428"	"P1730"
"P0434"	"P0184"
"P0434"	"P0757"
"P0434"	"P1045"
"P0434"	"P1231"
"P0434"	"P1333"
"P0434"	"P1752"
"P0437"	"P0020"
"P0450"	"P0310"
"P0450"	"P0796"
"P0450"	"P0934"
"P0450"	"P1046"
"P0450"	"P1197"
"P0450"	"P1355"
"P0450"	"P1458"
"P0450"	"P1491"
"P0452"	"P0510"
"P0452"	"P0459"
"P0452"	"P1134"
"P0452"	"P1184"
"P0461"	"P1514"
"P0496"	"P0364"
"P0496"	"P0539"
"P0496"	"P1038"
"P0496"	"P1085"
"P0496"	"P1245"
"P0496"	"P1271"
"P0496"	"P1432"
"P0502"	"P1404"
"P0504"	"P0041"
"P0504"	"P0224"
"P0504"	"P0226"
"P0504"	"P0267"
"P0504"	"P0420"
"P0504"	"P0755"
"P0504"	"P0794"
"P0504"	"P1071"
"P0504"	"P1444"
"P0504"	"P1575"
"P0504"	"P1644"
"P0505"	"P1551"
"P0507"	"P0255"
"P0507"	"P0832"
"P0507"	"P1045"
"P0507"	"P1425"
"P0507"	"P1796"
"P0512"	"P0311"
"P0512"	"P0371"
"P0512"	"P0746"
"P0512"	"P0808"
"P0512"	"P1062"
"P0512"	"P1575"
"P0512"	"P1788"
"P0512"	"P1796"
"P0521"	"P0003"
"P0521"	"P0145"
"P0544"	"P0183"
"P0544"	"P0946"
"P0599"	"P0184"
"P0599"	"P0214"
"P0599"	"P0371"
"P0599"	"P0512"
"P0599"	"P0540"
"P0599"	"P0742"
"P0599"	"P0808"
"P0599"	"P0936"
"P0599"	"P1062"
"P0599"	"P1240"
"P0599"	"P1474"
"P0599"	"P1575"
"P0599"	"P1598"
"P0603"	"P0126"
"P0603"	"P0267"
"P0603"	"P1442"
"P0603"	"P1491"
"P0603"	"P1575"
"P0611"	"P0183"
"P0611"	"P0717"
"P0611"	"P0848"
"P0611"	"P1145"
"P0629"	"P0690"
"P0629"	"P0784"
"P0629"	"P1452"
"P0629"	"P1498"
"P0633"	"P0873"
"P0672"	"P0104"
"P0677"	"P0314"
"P0677"	"P0772"
"P0677"	"P1425"
"P0677"	"P1461"
"P0677"	"P1740"
"P0682"	"P0117"
"P0682"	"P0255"
"P0682"	"P0311"
"P0682"	"P0479"
"P0682"	"P0832"
"P0682"	"P1045"
"P0682"	"P1086"
"P0682"	"P1449"
"P0682"	"P1628"
"P0682"	"P1682"
"P0682"	"P1738"
"P0682"	"P1796"
"P0690"	"P1498"
"P0692"	"P0371"
"P0692"	"P1062"
"P0755"	"P0226"
"P0755"	"P0504"
"P0755"	"P1211"
"P0755"	"P1295"
"P0755"	"P1297"
"P0755"	"P1444"
"P0755"	"P1575"
"P0755"	"P1644"
"P0766"	"P0371"
"P0766"	"P1062"
"P0784"	"P1498"
"P0791"	"P0907"
"P0794"	"P0072"
"P0794"	"P0267"
"P0794"	"P1444"
"P0808"	"P0270"
"P0808"	"P0371"
"P0808"	"P0512"
"P0808"	"P0599"
"P0808"	"P0637"
"P0808"	"P1062"
"P0808"	"P1474"
"P0808"	"P1575"
"P0808"	"P1788"
"P0809"	"P0364"
"P0809"	"P0425"
"P0809"	"P0900"
"P0809"	"P1510"
"P0839"	"P0907"
"P0861"	"P0744"
"P0881"	"P0900"
"P0889"	"P0381"
"P0889"	"P0417"
"P0889"	"P1589"
"P0893"	"P0110"
"P0893"	"P0364"
"P0893"	"P0496"
"P0893"	"P0900"
"P0893"	"P1435"
"P0893"	"P1815"
"P0894"	"P1374"
"P0899"	"P1358"
"P0911"	"P0383"
"P0925"	"P0069"
"P0925"	"P0540"
"P0925"	"P0578"
"P0925"	"P1084"
"P0925"	"P1158"
"P0925"	"P1487"
"P0925"	"P1575"
"P0925"	"P1677"
"P0925"	"P1796"
"P0926"	"P1374"
"P0935"	"P0041"
"P0935"	"P0069"
"P0935"	"P0071"
"P0935"	"P0184"
"P0935"	"P0193"
"P0935"	"P0253"
"P0935"	"P0311"
"P0935"	"P0314"
"P0935"	"P0353"
"P0935"	"P0371"
"P0935"	"P0383"
"P0935"	"P0433"
"P0935"	"P0434"
"P0935"	"P0512"
"P0935"	"P0707"
"P0935"	"P0735"
"P0935"	"P0782"
"P0935"	"P0808"
"P0935"	"P0814"
"P0935"	"P0827"
"P0935"	"P0841"
"P0935"	"P0909"
"P0935"	"P0964"
"P0935"	"P1045"
"P0935"	"P1061"
"P0935"	"P1090"
"P0935"	"P1108"
"P0935"	"P1158"
"P0935"	"P1240"
"P0935"	"P1261"
"P0935"	"P1357"
"P0935"	"P1371"
"P0935"	"P1444"
"P0935"	"P1449"
"P0935"	"P1503"
"P0935"	"P1523"
"P0935"	"P1575"
"P0935"	"P1598"
"P0935"	"P1738"
"P0935"	"P1788"
"P0935"	"P1796"
"P0936"	"P0512"
"P0936"	"P0531"
"P0936"	"P1796"
"P0940"	"P1045"
"P0941"	"P0364"
"P0941"	"P0425"
"P0941"	"P0809"
"P0941"	"P1510"
"P0945"	"P1618"
"P0948"	"P1045"
"P0957"	"P0310"
"P0957"	"P0450"
"P0957"	"P0794"
"P0957"	"P1197"
"P0957"	"P1458"
"P0957"	"P1491"
"P0987"	"P1796"
"P0990"	"P1230"
"P0993"	"P0562"
"P0993"	"P0218"
"P0993"	"P0449"
"P0993"	"P1152"
"P0993"	"P1245"
"P0993"	"P1346"
"P0993"	"P1658"
"P1001"	"P0907"
"P1004"	"P0226"
"P1004"	"P0267"
"P1004"	"P0595"
"P1004"	"P0656"
"P1004"	"P0680"
"P1004"	"P1019"
"P1004"	"P1080"
"P1004"	"P1234"
"P1004"	"P1391"
"P1004"	"P1565"
"P1004"	"P1586"
"P1004"	"P1620"
"P1004"	"P1668"
"P1004"	"P1722"
"P1004"	"P1738"
"P1004"	"P1798"
"P1004"	"P1866"
"P1005"	"P0041"
"P1005"	"P0165"
"P1005"	"P0267"
"P1005"	"P0433"
"P1005"	"P0608"
"P1005"	"P0797"
"P1005"	"P1019"
"P1005"	"P1098"
"P1005"	"P1295"
"P1005"	"P1352"
"P1005"	"P1444"
"P1005"	"P1554"
"P1005"	"P1563"
"P1005"	"P1575"
"P1005"	"P1721"
"P1005"	"P1784"
"P1005"	"P1791"
"P1005"	"P1799"
"P1005"	"P1805"
"P1007"	"P1404"
"P1010"	"P0744"
"P1013"	"P0311"
"P1013"	"P0371"
"P1013"	"P1062"
"P1013"	"P1720"
"P1013"	"P1796"
"P1014"	"P0907"
"P1021"	"P1147"
"P1021"	"P1797"
"P1027"	"P1475"
"P1030"	"P1374"
"P1042"	"P1404"
"P1043"	"P0907"
"P1047"	"P0506"
"P1063"	"P1756"
"P1073"	"P0072"
"P1073"	"P0267"
"P1073"	"P1444"
"P1073"	"P1575"
"P1073"	"P1796"
"P1075"	"P1005"
"P1075"	"P1295"
"P1098"	"P0310"
"P1098"	"P0450"
"P1098"	"P0488"
"P1098"	"P0934"
"P1098"	"P1005"
"P1098"	"P1019"
"P1098"	"P1197"
"P1098"	"P1295"
"P1098"	"P1355"
"P1098"	"P1458"
"P1098"	"P1491"
"P1115"	"P0017"
"P1118"	"P0218"
"P1118"	"P0246"
"P1118"	"P0360"
"P1118"	"P0364"
"P1118"	"P0384"
"P1118"	"P0449"
"P1118"	"P0534"
"P1118"	"P0539"
"P1118"	"P0664"
"P1118"	"P1038"
"P1118"	"P1102"
"P1118"	"P1152"
"P1118"	"P1202"
"P1118"	"P1304"
"P1118"	"P1334"
"P1118"	"P1377"
"P1118"	"P1636"
"P1118"	"P1794"
"P1118"	"P1846"
"P1125"	"P1498"
"P1126"	"P0033"
"P1126"	"P0434"
"P1126"	"P0685"
"P1126"	"P0688"
"P1126"	"P0757"
"P1126"	"P0935"
"P1126"	"P1015"
"P1126"	"P1045"
"P1126"	"P1232"
"P1126"	"P1333"
"P1126"	"P1449"
"P1126"	"P1802"
"P1134"	"P0510"
"P1134"	"P0452"
"P1134"	"P0459"
"P1134"	"P1184"
"P1134"	"P1324"
"P1145"	"P0183"
"P1145"	"P0184"
"P1145"	"P0219"
"P1145"	"P0226"
"P1145"	"P0230"
"P1145"	"P0255"
"P1145"	"P0277"
"P1145"	"P0322"
"P1145"	"P0371"
"P1145"	"P0538"
"P1145"	"P0556"
"P1145"	"P0583"
"P1145"	"P0605"
"P1145"	"P0610"
"P1145"	"P0656"
"P1145"	"P0684"
"P1145"	"P0703"
"P1145"	"P0724"
"P1145"	"P0731"
"P1145"	"P0868"
"P1145"	"P0962"
"P1145"	"P1154"
"P1145"	"P1219"
"P1145"	"P1259"
"P1145"	"P1295"
"P1145"	"P1491"
"P1145"	"P1553"
"P1145"	"P1563"
"P1145"	"P1620"
"P1145"	"P1644"
"P1145"	"P1679"
"P1145"	"P1693"
"P1184"	"P0510"
"P1184"	"P0459"
"P1184"	"P1134"
"P1184"	"P1324"
"P1184"	"P1345"
"P1184"	"P1547"
"P1187"	"P0142"
"P1203"	"P1816"
"P1205"	"P1491"
"P1205"	"P1575"
"P1210"	"P0873"
"P1215"	"P0184"
"P1215"	"P0371"
"P1215"	"P1049"
"P1215"	"P1598"
"P1215"	"P1779"
"P1215"	"P1855"
"P1240"	"P0050"
"P1240"	"P0311"
"P1240"	"P1414"
"P1240"	"P1720"
"P1240"	"P1856"
"P1241"	"P0183"
"P1241"	"P0184"
"P1243"	"P0449"
"P1258"	"P0902"
"P1258"	"P1272"
"P1262"	"P0228"
"P1262"	"P0290"
"P1262"	"P0371"
"P1262"	"P0465"
"P1262"	"P0512"
"P1262"	"P0632"
"P1262"	"P0692"
"P1262"	"P0715"
"P1262"	"P0766"
"P1262"	"P0808"
"P1262"	"P1013"
"P1262"	"P1062"
"P1262"	"P1123"
"P1262"	"P1548"
"P1262"	"P1599"
"P1262"	"P1788"
"P1262"	"P1796"
"P1279"	"P1252"
"P1279"	"P1545"
"P1290"	"P1618"
"P1298"	"P1374"
"P1299"	"P0183"
"P1299"	"P0943"
"P1311"	"P0744"
"P1311"	"P0883"
"P1335"	"P1404"
"P1335"	"P1005"
"P1335"	"P1019"
"P1335"	"P1295"
"P1335"	"P1806"
"P1338"	"P0276"
"P1338"	"P0500"
"P1338"	"P0982"
"P1338"	"P1005"
"P1338"	"P1295"
"P1338"	"P1563"
"P1350"	"P0104"
"P1353"	"P1796"
"P1358"	"P1515"
"P1374"	"P0057"
"P1377"	"P0748"
"P1377"	"P0035"
"P1377"	"P0038"
"P1377"	"P0043"
"P1377"	"P0082"
"P1377"	"P0103"
"P1377"	"P0111"
"P1377"	"P0146"
"P1377"	"P0158"
"P1377"	"P0235"
"P1377"	"P0239"
"P1377"	"P0282"
"P1377"	"P0286"
"P1377"	"P0299"
"P1377"	"P0304"
"P1377"	"P0376"
"P1377"	"P0378"
"P1377"	"P0390"
"P1377"	"P0394"
"P1377"	"P0395"
"P1377"	"P0396"
"P1377"	"P0410"
"P1377"	"P0417"
"P1377"	"P0424"
"P1377"	"P0440"
"P1377"	"P0455"
"P1377"	"P0457"
"P1377"	"P0492"
"P1377"	"P0597"
"P1377"	"P0678"
"P1377"	"P0686"
"P1377"	"P0716"
"P1377"	"P0718"
"P1377"	"P0758"
"P1377"	"P0780"
"P1377"	"P0804"
"P1377"	"P0815"
"P1377"	"P0863"
"P1377"	"P0897"
"P1377"	"P1016"
"P1377"	"P1038"
"P1377"	"P1052"
"P1377"	"P1118"
"P1377"	"P1120"
"P1377"	"P1131"
"P1377"	"P1132"
"P1377"	"P1189"
"P1377"	"P1254"
"P1377"	"P1275"
"P1377"	"P1276"
"P1377"	"P1327"
"P1377"	"P1328"
"P1377"	"P1330"
"P1377"	"P1332"
"P1377"	"P1341"
"P1377"	"P1342"
"P1377"	"P1437"
"P1377"	"P1500"
"P1377"	"P1571"
"P1377"	"P1589"
"P1377"	"P1593"
"P1377"	"P1661"
"P1377"	"P1813"
"P1377"	"P1814"
"P1377"	"P1826"
"P1377"	"P1840"
"P1377"	"P1841"
"P1377"	"P1844"
"P1394"	"P0907"
"P1410"	"P1404"
"P1410"	"P0291"
"P1410"	"P0350"
"P1410"	"P0406"
"P1410"	"P1599"
"P1413"	"P0399"
"P1413"	"P1698"
"P1413"	"P1711"
"P1413"	"P1796"
"P1423"	"P0142"
"P1425"	"P0706"
"P1425"	"P0832"
"P1435"	"P0110"
"P1435"	"P0364"
"P1435"	"P0496"
"P1435"	"P0893"
"P1435"	"P0900"
"P1444"	"P0009"
"P1444"	"P0041"
"P1444"	"P0071"
"P1444"	"P0184"
"P1444"	"P0186"
"P1444"	"P0221"
"P1444"	"P0223"
"P1444"	"P0226"
"P1444"	"P0240"
"P1444"	"P0385"
"P1444"	"P0512"
"P1444"	"P0755"
"P1444"	"P0808"
"P1444"	"P0841"
"P1444"	"P1005"
"P1444"	"P1045"
"P1444"	"P1056"
"P1444"	"P1062"
"P1444"	"P1214"
"P1444"	"P1509"
"P1444"	"P1523"
"P1444"	"P1563"
"P1444"	"P1575"
"P1444"	"P1598"
"P1444"	"P1644"
"P1444"	"P1738"
"P1444"	"P1743"
"P1444"	"P1755"
"P1444"	"P1784"
"P1444"	"P1860"
"P1444"	"P1864"
"P1447"	"P0397"
"P1447"	"P0706"
"P1448"	"P0646"
"P1448"	"P0807"
"P1448"	"P1577"
"P1452"	"P1498"
"P1454"	"P0450"
"P1454"	"P1002"
"P1454"	"P1005"
"P1454"	"P1295"
"P1454"	"P1563"
"P1457"	"P0907"
"P1458"	"P0310"
"P1458"	"P0450"
"P1458"	"P0796"
"P1458"	"P0934"
"P1458"	"P1197"
"P1458"	"P1355"
"P1458"	"P1491"
"P1479"	"P0074"
"P1479"	"P0094"
"P1479"	"P0253"
"P1479"	"P0321"
"P1479"	"P0701"
"P1479"	"P0761"
"P1479"	"P0919"
"P1479"	"P0966"
"P1479"	"P1221"
"P1479"	"P1630"
"P1479"	"P1647"
"P1489"	"P0142"
"P1492"	"P1514"
"P1519"	"P1796"
"P1550"	"P0726"
"P1552"	"P0449"
"P1552"	"P1625"
"P1575"	"P0041"
"P1575"	"P0069"
"P1575"	"P0083"
"P1575"	"P0089"
"P1575"	"P0117"
"P1575"	"P0184"
"P1575"	"P0193"
"P1575"	"P0216"
"P1575"	"P0217"
"P1575"	"P0270"
"P1575"	"P0311"
"P1575"	"P0314"
"P1575"	"P0326"
"P1575"	"P0371"
"P1575"	"P0430"
"P1575"	"P0464"
"P1575"	"P0479"
"P1575"	"P0512"
"P1575"	"P0518"
"P1575"	"P0578"
"P1575"	"P0603"
"P1575"	"P0735"
"P1575"	"P0740"
"P1575"	"P0773"
"P1575"	"P0793"
"P1575"	"P0797"
"P1575"	"P0808"
"P1575"	"P0814"
"P1575"	"P0822"
"P1575"	"P0830"
"P1575"	"P0841"
"P1575"	"P0850"
"P1575"	"P0909"
"P1575"	"P0925"
"P1575"	"P0935"
"P1575"	"P0963"
"P1575"	"P0964"
"P1575"	"P0977"
"P1575"	"P1039"
"P1575"	"P1062"
"P1575"	"P1073"
"P1575"	"P1081"
"P1575"	"P1084"
"P1575"	"P1090"
"P1575"	"P1098"
"P1575"	"P1104"
"P1575"	"P1108"
"P1575"	"P1161"
"P1575"	"P1186"
"P1575"	"P1205"
"P1575"	"P1228"
"P1575"	"P1256"
"P1575"	"P1291"
"P1575"	"P1300"
"P1575"	"P1302"
"P1575"	"P1357"
"P1575"	"P1359"
"P1575"	"P1362"
"P1575"	"P1381"
"P1575"	"P1444"
"P1575"	"P1485"
"P1575"	"P1487"
"P1575"	"P1491"
"P1575"	"P1548"
"P1575"	"P1553"
"P1575"	"P1554"
"P1575"	"P1563"
"P1575"	"P1584"
"P1575"	"P1588"
"P1575"	"P1598"
"P1575"	"P1626"
"P1575"	"P1635"
"P1575"	"P1667"
"P1575"	"P1677"
"P1575"	"P1722"
"P1575"	"P1743"
"P1575"	"P1776"
"P1575"	"P1784"
"P1575"	"P1788"
"P1575"	"P1791"
"P1575"	"P1796"
"P1575"	"P1805"
"P1575"	"P1849"
"P1575"	"P1850"
"P1575"	"P1851"
"P1575"	"P1852"
"P1575"	"P1854"
"P1575"	"P1855"
"P1575"	"P1861"
"P1575"	"P1862"
"P1575"	"P1863"
"P1598"	"P0050"
"P1598"	"P0311"
"P1598"	"P1062"
"P1598"	"P1444"
"P1598"	"P1575"
"P1598"	"P1720"
"P1598"	"P1796"
"P1676"	"P0638"
"P1677"	"P0311"
"P1677"	"P0540"
"P1677"	"P0578"
"P1677"	"P0925"
"P1677"	"P1796"
"P1677"	"P1857"
"P1677"	"P1870"
"P1677"	"P1871"
"P1694"	"P1389"
"P1698"	"P0300"
"P1698"	"P1796"
"P1704"	"P0063"
"P1704"	"P0409"
"P1704"	"P0475"
"P1704"	"P0478"
"P1704"	"P0543"
"P1704"	"P0646"
"P1704"	"P0829"
"P1704"	"P0929"
"P1704"	"P1006"
"P1704"	"P1067"
"P1704"	"P1400"
"P1704"	"P1448"
"P1704"	"P1480"
"P1704"	"P1651"
"P1704"	"P1697"
"P1704"	"P1847"
"P1704"	"P1848"
"P1706"	"P1796"
"P1721"	"P0041"
"P1721"	"P0267"
"P1721"	"P0276"
"P1721"	"P0323"
"P1721"	"P0603"
"P1721"	"P0797"
"P1721"	"P0836"
"P1721"	"P1005"
"P1721"	"P1019"
"P1721"	"P1205"
"P1721"	"P1225"
"P1721"	"P1444"
"P1721"	"P1553"
"P1721"	"P1554"
"P1721"	"P1575"
"P1721"	"P1644"
"P1721"	"P1784"
"P1752"	"P0184"
"P1752"	"P0434"
"P1752"	"P1045"
"P1760"	"P1374"
"P1763"	"P0178"
"P1763"	"P1563"
"P1766"	"P0104"
"P1784"	"P0041"
"P1784"	"P1005"
"P1784"	"P1098"
"P1784"	"P1554"
"P1784"	"P1575"
"P1784"	"P1721"
"P1784"	"P1791"
"P1788"	"P0184"
"P1788"	"P0311"
"P1788"	"P0371"
"P1788"	"P0808"
"P1788"	"P1062"
"P1788"	"P1575"
"P1788"	"P1720"
"P1788"	"P1796"
"P1791"	"P0402"
"P1791"	"P0540"
"P1791"	"P0791"
"P1791"	"P1019"
"P1791"	"P1289"
"P1791"	"P1575"
"P1791"	"P1644"
"P1791"	"P1777"
"P1791"	"P1784"
"P1796"	"P0005"
"P1796"	"P0069"
"P1796"	"P0083"
"P1796"	"P0132"
"P1796"	"P0140"
"P1796"	"P0156"
"P1796"	"P0217"
"P1796"	"P0273"
"P1796"	"P0311"
"P1796"	"P0318"
"P1796"	"P0448"
"P1796"	"P0479"
"P1796"	"P0512"
"P1796"	"P0518"
"P1796"	"P0540"
"P1796"	"P0653"
"P1796"	"P0682"
"P1796"	"P0797"
"P1796"	"P0808"
"P1796"	"P0827"
"P1796"	"P0909"
"P1796"	"P0935"
"P1796"	"P0996"
"P1796"	"P1045"
"P1796"	"P1084"
"P1796"	"P1086"
"P1796"	"P1101"
"P1796"	"P1108"
"P1796"	"P1117"
"P1796"	"P1121"
"P1796"	"P1178"
"P1796"	"P1297"
"P1796"	"P1300"
"P1796"	"P1353"
"P1796"	"P1449"
"P1796"	"P1473"
"P1796"	"P1532"
"P1796"	"P1567"
"P1796"	"P1573"
"P1796"	"P1575"
"P1796"	"P1599"
"P1796"	"P1677"
"P1796"	"P1735"
"P1796"	"P1738"
"P1796"	"P1743"
"P1796"	"P1753"
"P1796"	"P1754"
"P1796"	"P1802"
"P1796"	"P1823"
"P1805"	"P1005"
"P1805"	"P1019"
"P1805"	"P1295"
"P1805"	"P1806"
"P1824"	"P0056"
"P1824"	"P0087"
"P1824"	"P0102"
"P1824"	"P0125"
"P1824"	"P0331"
"P1824"	"P0578"
"P1824"	"P0671"
"P1824"	"P0959"
"P1824"	"P1036"
"P1824"	"P1354"
"P1824"	"P1395"
"P1824"	"P1399"
"P1824"	"P1426"
"P1824"	"P1486"
"P1824"	"P1487"
"P1824"	"P1650"
"P1858"	"P0220"
"P1858"	"P0982"
"P1858"	"P1721"
"P1863"	"P1575"
"P1863"	"P1621"
"P1863"	"P1796"
